City_ID,City,Country,Date,Lat,Lng,Max Temp,Humidity,Cloudiness,Wind Speed
0,Bontang,ID,2021-02-03 02:20:02,0.1333,117.5,81.81,77,100,1.52
1,Kurilsk,RU,2021-02-03 02:24:55,45.2333,147.8833,13.14,87,100,29.42
2,Vaini,TO,2021-02-03 02:24:55,-21.2,-175.2,80.6,89,90,6.91
3,Ushuaia,AR,2021-02-03 02:24:35,-54.8,-68.3,53.6,71,75,34.52
4,Saint-Philippe,RE,2021-02-03 02:24:55,-21.3585,55.7679,77.0,73,0,5.75
5,Cabo San Lucas,MX,2021-02-03 02:24:56,22.8909,-109.9124,69.8,64,40,8.05
6,Atuona,PF,2021-02-03 02:23:56,-9.8,-139.0333,78.66,72,48,12.5
7,Bartica,GY,2021-02-03 02:24:56,6.4,-58.6167,75.2,100,75,9.22
8,Benghazi,LY,2021-02-03 02:22:20,32.1167,20.0667,60.6,72,90,7.2
9,Mayo,US,2021-02-03 02:24:56,38.8876,-76.5119,33.01,74,90,16.11
10,Talnakh,RU,2021-02-03 02:24:56,69.4865,88.3972,-14.03,83,89,3.89
11,Garowe,SO,2021-02-03 02:20:11,8.4054,48.4845,57.4,83,94,7.65
12,Bredasdorp,ZA,2021-02-03 02:24:57,-34.5322,20.0403,57.2,94,0,5.75
13,Tasiilaq,GL,2021-02-03 02:23:59,65.6145,-37.6368,21.2,93,90,6.91
14,Port Elizabeth,ZA,2021-02-03 02:24:57,-33.918,25.5701,62.6,94,0,2.3
15,Cockburn Town,TC,2021-02-03 02:24:57,21.4612,-71.1419,74.73,78,1,15.19
16,Qaanaaq,GL,2021-02-03 02:24:57,77.484,-69.3632,-12.84,83,100,1.7
17,Rio Grande,BR,2021-02-03 02:24:57,-32.035,-52.0986,71.6,94,75,2.3
18,Tiksi,RU,2021-02-03 02:24:57,71.6872,128.8694,-0.54,93,100,14.29
19,Hermanus,ZA,2021-02-03 02:24:08,-34.4187,19.2345,57.99,94,0,5.64
20,Itaituba,BR,2021-02-03 02:24:58,-4.2761,-55.9836,80.6,83,40,5.75
21,Hasaki,JP,2021-02-03 02:24:58,35.7333,140.8333,50.0,34,20,13.8
22,Nikolskoye,RU,2021-02-03 02:24:58,59.7035,30.7861,21.2,93,90,13.42
23,Kahului,US,2021-02-03 02:24:01,20.8947,-156.47,82.4,57,40,10.36
24,Rikitea,PF,2021-02-03 02:24:58,-23.1203,-134.9692,78.53,75,11,16.71
25,Punta Arenas,CL,2021-02-03 02:22:05,-53.15,-70.9167,57.2,67,90,21.85
26,Porto Novo,BJ,2021-02-03 02:24:58,6.4965,2.6036,84.2,84,40,11.5
27,Esperance,AU,2021-02-03 02:24:32,-33.8667,121.9,77.0,44,75,12.66
28,Bukama,CD,2021-02-03 02:24:59,-9.2,25.85,69.89,91,100,1.63
29,Albany,US,2021-02-03 02:24:59,42.6001,-73.9662,27.0,87,100,8.23
30,Sitka,US,2021-02-03 02:24:59,57.0531,-135.33,33.8,69,20,7.4
31,Lata,PT,2021-02-03 02:24:59,40.1629,-8.3327,57.99,94,100,3.0
32,Castro,BR,2021-02-03 02:24:59,-24.7911,-50.0119,67.01,90,100,1.45
33,Tabuk,PH,2021-02-03 02:25:00,17.4189,121.4443,73.2,82,94,6.55
34,Marzuq,YE,2021-02-03 02:25:00,14.4,46.4667,52.41,42,0,2.53
35,Iiyama,JP,2021-02-03 02:25:00,36.85,138.3667,37.0,62,77,5.01
36,Bluff,NZ,2021-02-03 02:25:00,-46.6,168.3333,57.99,75,91,7.05
37,Jamestown,US,2021-02-03 02:25:00,42.097,-79.2353,28.0,80,90,16.11
38,Lar,IN,2021-02-03 02:25:00,26.2039,83.9717,51.21,69,54,3.87
39,Clyde River,CA,2021-02-03 02:25:01,70.4692,-68.5914,-31.0,68,1,2.42
40,Nikel,RU,2021-02-03 02:25:01,69.4128,30.222,23.0,86,90,16.11
41,Chokurdakh,RU,2021-02-03 02:24:11,70.6333,147.9167,-9.96,90,52,5.55
42,Roald,NO,2021-02-03 02:25:01,62.5833,6.1333,24.8,74,0,12.66
43,Pevek,RU,2021-02-03 02:25:01,69.7008,170.3133,9.66,92,100,10.0
44,Yerbogachen,RU,2021-02-03 02:24:17,61.2767,108.0108,-35.63,82,2,4.52
45,Panorama,GR,2021-02-03 02:25:02,40.5878,23.0315,52.0,87,0,1.81
46,Baykit,RU,2021-02-03 02:25:02,61.67,96.37,-11.74,85,100,1.83
47,Tuktoyaktuk,CA,2021-02-03 02:25:02,69.4541,-133.0374,-40.0,74,1,4.61
48,Hilo,US,2021-02-03 02:21:29,19.7297,-155.09,78.8,61,75,11.5
49,Praia Da Vitoria,PT,2021-02-03 02:25:03,38.7333,-27.0667,53.01,87,40,22.59
50,Olafsvik,IS,2021-02-03 02:24:26,64.8945,-23.7142,34.02,85,100,12.93
51,Butaritari,KI,2021-02-03 02:23:38,3.0707,172.7902,82.08,83,94,16.75
52,Ambovombe,MG,2021-02-03 02:25:04,-25.1667,46.0833,76.66,89,0,11.01
53,Meulaboh,ID,2021-02-03 02:24:14,4.1363,96.1285,79.12,82,47,4.36
54,Yashalta,RU,2021-02-03 02:25:04,46.3395,42.2762,43.47,78,64,5.59
55,Nara,JP,2021-02-03 02:21:20,34.6851,135.8049,44.6,49,40,14.97
56,Marsh Harbour,BS,2021-02-03 02:25:04,26.5412,-77.0636,59.88,70,31,25.68
57,Hokitika,NZ,2021-02-03 02:25:04,-42.7167,170.9667,66.18,70,18,12.46
58,Ullapool,GB,2021-02-03 02:25:05,57.8987,-5.1604,36.0,71,51,10.0
59,Mersing,MY,2021-02-03 02:25:05,2.4312,103.8405,80.6,83,40,10.36
60,Kropotkin,RU,2021-02-03 02:25:05,45.4375,40.5756,45.0,63,72,3.85
61,Mataura,NZ,2021-02-03 02:25:05,-46.1927,168.8643,65.62,70,82,8.19
62,Kudahuvadhoo,MV,2021-02-03 02:25:06,2.6708,72.8944,82.15,73,100,9.95
63,Lebu,CL,2021-02-03 02:25:06,-37.6167,-73.65,57.54,87,0,13.24
64,East London,ZA,2021-02-03 02:25:06,-33.0153,27.9116,70.92,72,44,6.35
65,Iqaluit,CA,2021-02-03 02:25:06,63.7506,-68.5145,-16.6,69,90,0.76
66,Hobart,AU,2021-02-03 02:21:58,-42.8794,147.3294,71.01,51,75,12.66
67,Provideniya,RU,2021-02-03 02:25:07,64.3833,-173.3,5.68,91,100,16.96
68,Aksarka,RU,2021-02-03 02:25:07,66.5606,67.7975,5.9,94,95,4.5
69,Ewo,CG,2021-02-03 02:25:07,-0.8725,14.8206,75.34,80,61,3.91
70,Diebougou,BF,2021-02-03 02:25:07,10.9667,-3.25,70.02,20,0,4.03
71,Pokhara,NP,2021-02-03 02:25:07,28.2333,83.9833,54.09,37,0,4.03
72,Ugoofaaru,MV,2021-02-03 02:25:07,5.6667,73.0,81.97,72,77,13.42
73,Aquiraz,BR,2021-02-03 02:25:07,-3.9014,-38.3911,80.6,78,20,12.66
74,Cape Town,ZA,2021-02-03 02:25:08,-33.9258,18.4232,66.99,88,0,17.27
75,Marienburg,PL,2021-02-03 02:25:08,54.0359,19.0266,28.0,91,100,1.99
76,Eqbaliyeh,IR,2021-02-03 02:25:08,35.3022,51.5358,41.0,70,0,9.22
77,Zhigalovo,RU,2021-02-03 02:25:08,54.8097,105.1578,-9.38,87,100,2.04
78,Tiznit,MA,2021-02-03 02:25:08,29.5833,-9.5,63.3,51,96,0.92
79,Namibe,AO,2021-02-03 02:25:09,-15.1961,12.1522,72.14,75,91,6.6
80,Cherskiy,RU,2021-02-03 02:25:09,68.75,161.3,1.87,85,0,3.42
81,Teya,RU,2021-02-03 02:25:09,60.3778,92.6267,-11.99,86,99,4.09
82,Bethel,US,2021-02-03 02:24:59,41.3712,-73.414,26.6,80,90,8.05
83,Kysyl-Syr,RU,2021-02-03 02:25:09,63.8986,122.7617,-32.62,82,100,7.47
84,Mahebourg,MU,2021-02-03 02:25:09,-20.4081,57.7,78.8,83,75,8.05
85,Road Town,VG,2021-02-03 02:20:29,18.4167,-64.6167,80.6,65,20,5.75
86,Kavieng,PG,2021-02-03 02:25:10,-2.5744,150.7967,84.16,73,20,10.83
87,Barrow,US,2021-02-03 02:24:31,71.2906,-156.7887,-25.6,68,1,16.11
88,Lichuan,CN,2021-02-03 02:25:10,30.3,108.85,45.27,62,3,1.21
89,Laguna,US,2021-02-03 02:25:10,38.421,-121.4238,55.4,82,75,5.75
90,Copiapo,CL,2021-02-03 02:23:46,-27.3667,-70.3333,59.0,88,90,11.5
91,Pisco,PE,2021-02-03 02:24:15,-13.7,-76.2167,73.0,73,0,6.91
92,Port Alfred,ZA,2021-02-03 02:25:11,-33.5906,26.891,71.64,66,19,4.38
93,Sao Miguel Do Araguaia,BR,2021-02-03 02:25:11,-13.275,-50.1628,76.8,70,99,1.3
94,Ola,RU,2021-02-03 02:25:11,59.5833,151.2833,-13.04,82,15,12.37
95,Hambantota,LK,2021-02-03 02:25:11,6.1241,81.1185,75.2,100,75,9.22
96,Mbekenyera,TZ,2021-02-03 02:25:12,-10.0,38.9833,68.61,94,0,1.41
97,Koygorodok,RU,2021-02-03 02:25:12,60.445,50.9968,14.86,96,100,8.97
98,Ancud,CL,2021-02-03 02:23:58,-41.8697,-73.8203,57.99,82,0,10.36
99,Tezpur,IN,2021-02-03 02:25:12,26.6333,92.8,61.38,63,0,3.11
100,Touros,BR,2021-02-03 02:25:12,-5.1989,-35.4608,78.8,78,20,5.75
101,Aripuana,BR,2021-02-03 02:25:12,-9.1667,-60.6333,74.3,96,100,0.56
102,Inhambane,MZ,2021-02-03 02:25:13,-23.865,35.3833,79.39,85,92,3.31
103,Tamandare,BR,2021-02-03 02:25:13,-8.7597,-35.1047,77.13,83,16,7.0
104,Kapaa,US,2021-02-03 02:25:13,22.0752,-159.319,77.0,73,40,10.36
105,Puerto Ayora,EC,2021-02-03 02:25:13,-0.7393,-90.3518,77.29,85,100,5.73
106,New Norfolk,AU,2021-02-03 02:25:14,-42.7826,147.0587,71.01,38,36,1.99
107,Talaya,RU,2021-02-03 02:25:14,61.3833,152.75,-26.88,81,100,6.51
108,Vao,NC,2021-02-03 02:25:14,-22.6667,167.4833,77.31,78,25,39.37
109,Naze,JP,2021-02-03 02:25:14,28.3667,129.4833,60.8,51,75,12.66
110,Partapur,IN,2021-02-03 02:25:14,23.6,74.1667,62.37,29,18,3.18
111,Sao Filipe,CV,2021-02-03 02:25:14,14.8961,-24.4956,72.57,75,0,7.74
112,Tilichiki,RU,2021-02-03 02:25:15,60.4667,166.1,21.45,99,97,7.49
113,Konya,TR,2021-02-03 02:25:15,38.1667,32.5,35.6,93,100,4.61
114,Russellville,US,2021-02-03 02:25:15,35.2784,-93.1338,37.99,70,1,1.9
115,Vila Velha,BR,2021-02-03 02:25:15,-20.3297,-40.2925,78.8,78,40,5.75
116,Nishihara,JP,2021-02-03 02:25:15,26.1842,127.7558,64.4,36,40,11.5
117,Ribeira Grande,PT,2021-02-03 02:25:15,38.5167,-28.7,57.11,66,81,35.3
118,Alice Springs,AU,2021-02-03 02:23:55,-23.7,133.8833,89.6,14,0,10.36
119,Lavrentiya,RU,2021-02-03 02:25:16,65.5833,-171.0,4.57,85,100,24.74
120,Klaksvik,FO,2021-02-03 02:25:16,62.2266,-6.589,30.2,80,0,10.36
121,Avarua,CK,2021-02-03 02:25:16,-21.2078,-159.775,82.4,78,98,10.36
122,Tuatapere,NZ,2021-02-03 02:25:16,-46.1333,167.6833,58.68,76,91,9.66
123,Buy,RU,2021-02-03 02:23:13,58.4786,41.53,12.09,96,100,4.5
124,Cascais,PT,2021-02-03 02:25:16,38.6979,-9.4215,59.0,99,100,19.64
125,Bonoua,CI,2021-02-03 02:25:17,5.2741,-3.595,80.6,100,20,3.44
126,Goianesia,BR,2021-02-03 02:20:20,-15.3175,-49.1175,72.55,86,100,1.01
127,Khatanga,RU,2021-02-03 02:24:11,71.9667,102.5,-19.93,87,100,3.42
128,Aswan,EG,2021-02-03 02:24:25,24.0934,32.907,61.75,38,0,4.25
129,Elizabethtown,US,2021-02-03 02:25:17,37.694,-85.8591,30.99,80,90,6.91
130,Arona,ES,2021-02-03 02:25:17,28.0996,-16.681,60.8,82,40,6.91
131,Fethiye,TR,2021-02-03 02:25:18,36.6217,29.1164,51.8,82,75,8.05
132,Praya,CV,2021-02-03 02:25:18,14.9215,-23.5087,69.8,73,0,16.11
133,Bambous Virieux,MU,2021-02-03 02:25:18,-20.3428,57.7575,78.8,83,75,8.05
134,San Carlos De Bariloche,AR,2021-02-03 02:20:24,-41.1456,-71.3082,66.2,48,0,4.61
135,Ilulissat,GL,2021-02-03 02:24:11,69.2167,-51.1,-5.8,65,0,20.71
136,Carnarvon,AU,2021-02-03 02:25:18,-24.8667,113.6333,77.0,100,75,19.57
137,Yellowknife,CA,2021-02-03 02:23:25,62.456,-114.3525,-14.8,76,90,11.5
138,Camacupa,AO,2021-02-03 02:25:18,-12.0167,17.4833,61.79,97,100,3.06
139,Dikson,RU,2021-02-03 02:25:19,73.5069,80.5464,-24.43,85,3,13.27
140,Egvekinot,RU,2021-02-03 02:25:19,66.3167,-179.1667,-0.51,91,100,11.92
141,Kasongo-Lunda,CD,2021-02-03 02:24:23,-6.4667,16.8167,70.18,88,100,1.01
142,Nosy Varika,MG,2021-02-03 02:25:19,-20.5833,48.5333,76.37,80,1,3.76
143,Sokolo,ML,2021-02-03 02:25:19,14.7328,-6.1219,67.12,20,0,8.97
144,Bengkulu,ID,2021-02-03 02:25:19,-3.8004,102.2655,78.91,83,100,4.76
145,Busselton,AU,2021-02-03 02:25:20,-33.65,115.3333,79.0,53,1,4.0
146,San Cristobal,VE,2021-02-03 02:24:23,7.7669,-72.225,84.2,54,20,2.3
147,Benguela,AO,2021-02-03 02:25:20,-12.5763,13.4055,73.06,82,30,3.13
148,Walvis Bay,NA,2021-02-03 02:25:20,-22.9575,14.5053,64.99,82,63,3.44
149,Torbay,CA,2021-02-03 02:25:20,47.6666,-52.7314,28.99,80,90,14.97
150,Mehamn,NO,2021-02-03 02:25:20,71.0357,27.8492,24.12,90,100,16.87
151,Yagodnoye,RU,2021-02-03 02:25:20,62.55,149.6667,-26.28,81,100,3.65
152,Avera,US,2021-02-03 02:25:21,33.194,-82.5271,41.0,42,1,12.66
153,Tautira,PF,2021-02-03 02:25:21,-17.7333,-149.15,86.0,89,20,8.05
154,Kruisfontein,ZA,2021-02-03 02:25:21,-34.0033,24.7314,69.12,56,0,7.05
155,Faanui,PF,2021-02-03 02:25:07,-16.4833,-151.75,81.88,75,0,15.01
156,Saint-Francois,FR,2021-02-03 02:25:21,46.4154,3.9054,54.0,82,100,6.91
157,Susangerd,IR,2021-02-03 02:25:21,31.5608,48.1831,46.4,76,0,2.3
158,Ust-Nera,RU,2021-02-03 02:25:21,64.5667,143.2,-27.22,75,58,4.47
159,Nizhniy Kuranakh,RU,2021-02-03 02:25:22,58.8353,125.4869,-26.14,81,100,10.8
160,Mar Del Plata,AR,2021-02-03 02:25:22,-38.0023,-57.5575,66.99,88,75,5.75
161,Ayr,GB,2021-02-03 02:25:22,55.4627,-4.6339,37.4,87,75,17.27
162,Tyristrand,NO,2021-02-03 02:25:22,60.0837,10.0966,19.0,94,100,4.27
163,Calama,CL,2021-02-03 02:25:22,-22.4667,-68.9333,60.8,23,0,17.27
164,Bandarbeyla,SO,2021-02-03 02:25:23,9.4942,50.8122,70.72,74,82,13.71
165,Narsaq,GL,2021-02-03 02:25:23,60.9167,-46.05,19.4,53,75,2.3
166,Saskylakh,RU,2021-02-03 02:25:23,71.9167,114.0833,-2.52,91,100,13.06
167,Pundaguitan,PH,2021-02-03 02:25:23,6.3711,126.1689,81.12,74,29,9.69
168,Vardo,NO,2021-02-03 02:25:23,70.3705,31.1107,25.29,92,98,23.64
169,Faya,SA,2021-02-03 02:25:23,18.3851,42.4509,55.4,41,0,2.68
170,Sekoma,BW,2021-02-03 02:25:24,-24.4,23.8833,65.26,89,100,16.37
171,Kalmunai,LK,2021-02-03 02:25:24,7.4167,81.8167,77.56,85,100,13.73
172,Ponta Do Sol,PT,2021-02-03 02:25:24,32.6667,-17.1,60.01,77,26,1.01
173,Pirovskoye,RU,2021-02-03 02:25:24,57.6267,92.2658,10.15,95,100,6.55
174,Upernavik,GL,2021-02-03 02:25:24,72.7868,-56.1549,-7.51,86,100,4.72
175,Marsa Matruh,EG,2021-02-03 02:25:25,31.3525,27.2453,59.0,88,40,9.22
176,The Valley,AI,2021-02-03 02:25:25,18.217,-63.0578,78.8,69,20,8.05
177,Belaya Gora,RU,2021-02-03 02:25:25,68.5333,146.4167,-26.19,85,12,2.33
178,Umm Lajj,SA,2021-02-03 02:25:25,25.0213,37.2685,73.24,84,18,7.49
179,Souillac,MU,2021-02-03 02:23:22,-20.5167,57.5167,78.8,83,75,8.05
180,Turkmenabat,TM,2021-02-03 02:25:25,39.0733,63.5786,30.2,100,90,2.3
181,Chuy,UY,2021-02-03 02:25:25,-33.6971,-53.4616,72.03,91,93,5.41
182,Dingle,PH,2021-02-03 02:25:26,10.9995,122.6711,80.71,79,44,15.79
183,Sarlat-La-Caneda,FR,2021-02-03 02:25:26,44.889,1.2166,51.01,96,94,1.01
184,Georgetown,MY,2021-02-03 02:24:44,5.4112,100.3354,84.2,65,20,3.44
185,Mayor Pablo Lagerenza,PY,2021-02-03 02:25:26,-19.9309,-60.7718,83.07,62,56,7.18
186,Vallenar,CL,2021-02-03 02:25:26,-28.5708,-70.7581,62.92,55,0,0.58
187,Coihaique,CL,2021-02-03 02:25:26,-45.5752,-72.0662,62.6,63,0,4.61
188,Chiknayakanhalli,IN,2021-02-03 02:25:26,13.4172,76.6228,61.99,88,0,4.32
189,Alingsas,SE,2021-02-03 02:25:27,57.9303,12.5335,24.01,93,90,8.05
190,Aloleng,PH,2021-02-03 02:25:27,16.1307,119.7824,81.88,60,10,10.92
191,Richards Bay,ZA,2021-02-03 02:25:27,-28.783,32.0377,67.51,86,100,4.34
192,Port Lincoln,AU,2021-02-03 02:25:27,-34.7333,135.8667,68.63,61,81,9.22
193,Ayan,RU,2021-02-03 02:25:27,56.45,138.1667,-24.48,68,99,14.7
194,Assiniboia,CA,2021-02-03 02:22:07,49.6334,-105.9845,37.4,70,100,11.5
195,Teguldet,RU,2021-02-03 02:25:27,57.3064,88.1667,9.75,95,100,7.05
196,Parabel,RU,2021-02-03 02:25:28,58.6978,81.4825,13.26,96,100,9.89
197,Hithadhoo,MV,2021-02-03 02:25:28,-0.6,73.0833,82.15,70,1,4.18
198,San Quintin,MX,2021-02-03 02:25:28,30.4833,-115.95,61.47,76,100,9.95
199,Esna,EG,2021-02-03 02:25:28,25.2934,32.554,53.6,37,0,4.61
200,Khingansk,RU,2021-02-03 02:25:28,49.1167,131.1833,-23.57,85,100,11.3
201,Maningrida,AU,2021-02-03 02:25:28,-12.0667,134.2667,87.8,68,98,5.46
202,Barranca,PE,2021-02-03 02:25:28,-10.75,-77.7667,68.9,84,58,4.12
203,Saint-Joseph,RE,2021-02-03 02:25:29,-21.3667,55.6167,77.0,73,0,5.75
204,Thompson,CA,2021-02-03 02:25:29,55.7435,-97.8558,15.8,92,90,4.61
205,Zlobin,HR,2021-02-03 02:25:29,45.2924,14.6541,50.0,87,90,2.3
206,Muros,ES,2021-02-03 02:25:29,42.7762,-9.0603,57.0,80,14,18.01
207,Rawah,IQ,2021-02-03 02:25:29,34.4816,41.9093,50.23,61,0,2.77
208,Maarianhamina,AX,2021-02-03 02:25:29,60.0973,19.9348,24.8,86,75,11.5
209,Erzin,TR,2021-02-03 02:25:29,36.9559,36.2,54.0,73,100,15.01
210,Saint George,US,2021-02-03 02:21:40,37.1041,-113.5841,57.2,54,1,4.61
211,Agaro,ET,2021-02-03 02:25:30,7.85,36.65,61.56,55,65,1.88
212,Marawi,PH,2021-02-03 02:25:30,7.9986,124.2928,81.0,82,67,5.01
213,Urumqi,CN,2021-02-03 02:25:30,43.801,87.6005,10.4,92,100,2.24
214,Tucurui,BR,2021-02-03 02:25:30,-3.7661,-49.6725,74.25,91,9,1.9
215,Nanakuli,US,2021-02-03 02:24:03,21.3906,-158.1547,78.8,65,20,10.36
216,Portage,US,2021-02-03 02:25:30,41.1667,-81.1998,28.4,74,90,13.8
217,Vostok,RU,2021-02-03 02:25:31,46.4856,135.8833,-20.02,84,100,11.92
218,Opoczno,PL,2021-02-03 02:24:17,51.3757,20.2783,35.01,10,100,55.99
219,Codrington,AU,2021-02-03 02:25:31,-38.2667,141.9667,66.0,60,21,13.85
220,Panaba,MX,2021-02-03 02:25:31,21.2833,-88.2667,61.65,74,50,5.66
221,Medina Del Campo,ES,2021-02-03 02:25:31,41.3124,-4.9141,51.01,80,5,17.6
222,Madang,PG,2021-02-03 02:25:31,-5.2246,145.7966,83.79,74,46,10.29
223,Jacmel,HT,2021-02-03 02:25:31,18.2342,-72.5347,75.33,77,34,4.61
224,Mont-Dore,NC,2021-02-03 02:25:32,-22.2833,166.5833,77.0,99,94,27.38
225,Leningradskiy,RU,2021-02-03 02:24:20,69.3833,178.4167,-5.96,87,100,19.51
226,Fernandopolis,BR,2021-02-03 02:25:32,-20.2839,-50.2464,75.83,64,100,3.36
227,Puerto Colombia,CO,2021-02-03 02:25:32,10.9878,-74.9547,77.0,88,20,8.05
228,Boralday,KZ,2021-02-03 02:25:32,43.3578,76.8594,26.6,93,90,4.47
229,Masterton,NZ,2021-02-03 02:25:32,-40.9597,175.6575,82.0,52,0,7.0
230,Dabat,ET,2021-02-03 02:25:33,12.9842,37.765,50.31,49,0,4.38
231,Gushikawa,JP,2021-02-03 02:25:33,26.3544,127.8686,64.4,52,20,11.5
232,San Isidro,PE,2021-02-03 02:25:33,-12.1167,-77.05,70.0,78,0,8.05
233,Lander,US,2021-02-03 02:25:33,42.833,-108.7307,37.4,44,1,5.75
234,Mount Gambier,AU,2021-02-03 02:25:33,-37.8333,140.7667,71.6,49,0,8.05
235,Cayenne,GF,2021-02-03 02:25:33,4.9333,-52.3333,80.6,89,75,11.5
236,Comodoro Rivadavia,AR,2021-02-03 02:25:34,-45.8667,-67.5,69.8,46,0,3.44
237,Labrea,BR,2021-02-03 02:25:34,-7.2586,-64.7981,73.74,98,99,3.04
238,Magadan,RU,2021-02-03 02:25:34,59.5667,150.8,-13.7,79,1,9.78
239,Price,US,2021-02-03 02:25:34,39.5994,-110.8107,32.0,74,1,3.44
240,Novyy Urgal,RU,2021-02-03 02:25:34,51.0736,132.5642,-30.6,76,73,1.14
241,Makakilo City,US,2021-02-03 02:21:27,21.3469,-158.0858,78.8,65,20,10.36
242,Kuandian,CN,2021-02-03 02:25:35,40.7286,124.7847,8.89,85,43,2.28
243,Sterling,US,2021-02-03 02:24:23,39.0062,-77.4286,32.0,69,90,19.57
244,El Tigre,VE,2021-02-03 02:22:01,8.8875,-64.2454,77.99,63,0,10.56
245,Colares,PT,2021-02-03 02:25:35,38.7992,-9.4469,59.0,100,100,20.0
246,Atambua,ID,2021-02-03 02:25:31,-9.1061,124.8925,76.19,86,100,1.83
247,Grindavik,IS,2021-02-03 02:25:36,63.8424,-22.4338,32.0,64,0,17.27
248,Armidale,AU,2021-02-03 02:25:36,-30.5167,151.65,69.01,69,30,4.0
249,Biak,ID,2021-02-03 02:25:36,-0.9131,122.8766,78.49,81,100,2.89
250,Cidreira,BR,2021-02-03 02:25:36,-30.1811,-50.2056,78.1,86,99,13.42
251,Namatanai,PG,2021-02-03 02:25:36,-3.6667,152.4333,82.8,73,91,7.96
252,Ahja,EE,2021-02-03 02:25:36,58.2091,27.0734,25.0,93,90,5.75
253,Uruzgan,AF,2021-02-03 02:25:37,32.8333,66.0,36.7,74,0,7.07
254,Chimbote,PE,2021-02-03 02:25:37,-9.0853,-78.5783,69.01,82,16,6.13
255,Misratah,LY,2021-02-03 02:25:37,32.3754,15.0925,59.77,73,12,15.41
256,Kieta,PG,2021-02-03 02:25:37,-6.2167,155.6333,81.82,83,100,18.84
257,Volga,RU,2021-02-03 02:25:37,57.9516,38.3879,14.27,96,100,6.31
258,Cabedelo,BR,2021-02-03 02:25:37,-6.9811,-34.8339,78.8,83,40,6.91
259,Port Hardy,CA,2021-02-03 02:25:37,50.6996,-127.4199,42.8,87,75,13.56
260,Constitucion,CL,2021-02-03 02:25:38,-35.3333,-72.4167,59.32,79,0,5.06
261,Salta,AR,2021-02-03 02:25:38,-24.7859,-65.4117,60.8,94,90,3.44
262,Waddan,LY,2021-02-03 02:25:38,29.1614,16.139,43.0,93,0,4.94
263,Artyom,AZ,2021-02-03 02:25:38,40.4723,50.333,42.8,93,90,4.61
264,Zyryanovsk,KZ,2021-02-03 02:25:38,49.7386,84.2719,16.66,96,100,1.07
265,Sola,VU,2021-02-03 02:25:38,-13.8833,167.55,81.5,81,0,20.33
266,Sebinkarahisar,TR,2021-02-03 02:25:39,40.2883,38.4236,24.84,87,65,2.42
267,Bondo,CD,2021-02-03 02:25:39,3.8146,23.6866,71.28,59,17,0.98
268,Sabang,ID,2021-02-03 02:25:39,5.8933,95.3214,81.95,78,10,17.63
269,Datong,CN,2021-02-03 02:25:39,40.0936,113.2914,22.57,64,0,12.62
270,Guerrero Negro,MX,2021-02-03 02:23:15,27.9769,-114.0611,66.58,45,84,13.2
271,Zatoka,UA,2021-02-03 02:25:39,46.0725,30.4654,35.6,100,90,2.08
272,Arraial Do Cabo,BR,2021-02-03 02:23:44,-22.9661,-42.0278,76.26,87,0,22.41
273,Eureka,US,2021-02-03 02:25:40,40.8021,-124.1637,48.0,73,0,5.01
274,Gawler,AU,2021-02-03 02:25:40,-34.6,138.7333,80.01,34,43,3.0
275,Bowmore,US,2021-02-03 02:25:40,34.9421,-79.3031,39.2,41,90,13.8
276,Gumdag,TM,2021-02-03 02:25:40,39.2061,54.5906,44.82,67,64,16.67
277,Jiujiang,CN,2021-02-03 02:25:40,29.7333,115.9833,55.69,61,0,0.78
278,Christchurch,NZ,2021-02-03 02:21:03,-43.5333,172.6333,72.0,60,13,6.91
279,Havelock,US,2021-02-03 02:25:40,34.8791,-76.9013,39.2,60,1,14.97
280,Tazovskiy,RU,2021-02-03 02:25:41,67.4667,78.7,-3.01,93,97,10.16
281,Nelson Bay,AU,2021-02-03 02:25:41,-32.7167,152.15,73.99,64,75,13.8
282,Praxedis Guerrero,MX,2021-02-03 02:25:41,31.3667,-106.0167,64.4,24,40,6.91
283,Hamilton,US,2021-02-03 02:24:35,39.1834,-84.5333,28.4,74,1,4.61
284,Los Caminos,HN,2021-02-03 02:25:41,14.95,-87.9667,64.99,90,82,2.57
285,Guarapari,BR,2021-02-03 02:25:42,-20.6667,-40.4975,78.8,78,40,5.75
286,Dunda,TZ,2021-02-03 02:25:42,-8.1167,34.25,62.29,96,6,3.11
287,Lazaro Cardenas,MX,2021-02-03 02:25:42,17.9583,-102.2,75.67,82,0,4.32
288,Los Llanos De Aridane,ES,2021-02-03 02:25:42,28.6585,-17.9182,62.6,77,90,8.05
289,Cervo,ES,2021-02-03 02:25:42,43.6702,-7.4101,50.0,89,53,15.99
290,Longyearbyen,SJ,2021-02-03 02:23:50,78.2186,15.6401,26.6,63,40,11.5
291,Sorland,NO,2021-02-03 02:25:43,67.667,12.6934,30.94,86,96,13.27
292,Zenzeli,RU,2021-02-03 02:25:43,45.9241,47.0474,35.83,96,37,0.25
293,Nola,IT,2021-02-03 02:25:43,40.922,14.5329,51.01,93,0,3.44
294,Husavik,IS,2021-02-03 02:25:43,66.0449,-17.3389,14.0,62,0,3.44
295,Sisimiut,GL,2021-02-03 02:25:44,66.9395,-53.6735,-5.55,81,0,12.21
296,Chicama,PE,2021-02-03 02:25:44,-7.8447,-79.1469,71.29,69,69,5.32
297,Salas,ES,2021-02-03 02:25:44,43.4118,-6.2602,59.0,77,0,5.75
298,Kodinsk,RU,2021-02-03 02:25:44,58.6881,99.1844,-9.17,88,100,3.6
299,Conceicao Do Araguaia,BR,2021-02-03 02:25:44,-8.2578,-49.2647,73.78,94,70,3.29
300,Furano,JP,2021-02-03 02:25:44,43.2818,142.4743,10.4,40,75,4.61
301,Cangzhou,CN,2021-02-03 02:25:44,38.3167,116.8667,33.85,76,7,6.15
302,Axim,GH,2021-02-03 02:25:45,4.8699,-2.2405,78.55,88,0,6.02
303,Ballina,AU,2021-02-03 02:25:45,-28.8667,153.5667,80.6,57,40,14.97
304,Saint-Augustin,CA,2021-02-03 02:25:45,51.226,-58.6502,21.07,94,100,17.58
305,Santa Cruz Del Sur,CU,2021-02-03 02:25:45,20.7147,-77.9956,66.49,67,0,15.77
306,Severo-Yeniseyskiy,RU,2021-02-03 02:21:13,60.3725,93.0408,-14.28,90,96,3.71
307,Mount Isa,AU,2021-02-03 02:25:45,-20.7333,139.5,98.6,32,0,6.91
308,Weston,US,2021-02-03 02:21:12,26.1004,-80.3998,54.0,47,1,13.8
309,Verkhnevilyuysk,RU,2021-02-03 02:25:46,63.4453,120.3167,-30.64,83,100,8.77
310,Grabouw,ZA,2021-02-03 02:25:46,-34.1515,19.0151,64.4,88,0,17.27
311,Chengde,CN,2021-02-03 02:25:46,40.9725,117.9361,17.55,68,98,3.6
312,Chapais,CA,2021-02-03 02:25:46,49.7834,-74.8492,14.0,79,1,9.22
313,Malindi,KE,2021-02-03 02:25:46,-3.2175,40.1191,77.54,79,98,4.38
314,Komsomolskiy,UZ,2021-02-03 02:25:47,40.4272,71.7189,32.0,80,0,6.91
315,Coquimbo,CL,2021-02-03 02:25:47,-29.9533,-71.3436,59.0,82,0,2.3
316,Zhangdian,CN,2021-02-03 02:25:47,34.2,119.3,43.23,73,0,10.51
317,Henties Bay,NA,2021-02-03 02:25:47,-22.116,14.2845,64.99,85,31,5.3
318,Severo-Kurilsk,RU,2021-02-03 02:25:47,50.6789,156.125,22.53,91,100,41.7
319,Honningsvag,NO,2021-02-03 02:25:47,70.9821,25.9704,27.07,90,100,19.22
320,Elko,US,2021-02-03 02:22:30,41.0002,-115.5012,44.6,57,20,5.75
321,Kodiak,US,2021-02-03 02:24:15,57.79,-152.4072,35.6,87,90,12.66
322,Baherden,TM,2021-02-03 02:24:28,38.4362,57.4316,45.07,56,0,9.53
323,Aklavik,CA,2021-02-03 02:24:29,68.2191,-135.0107,-34.6,67,100,3.44
324,Peniche,PT,2021-02-03 02:25:48,39.3558,-9.3811,57.99,95,100,14.0
325,Abadan,IR,2021-02-03 02:25:48,30.3392,48.3043,50.0,76,0,4.61
326,Deputatskiy,RU,2021-02-03 02:25:49,69.3,139.9,-27.06,88,100,2.48
327,Tromso,NO,2021-02-03 02:24:59,69.6496,18.957,17.01,92,0,3.44
328,Qaqortoq,GL,2021-02-03 02:25:49,60.7167,-46.0333,19.4,53,75,2.3
329,Loreto,MX,2021-02-03 02:25:49,22.2667,-101.9667,61.57,32,0,8.59
330,Kununurra,AU,2021-02-03 02:25:49,-15.7667,128.7333,91.4,75,100,4.61
331,Bathsheba,BB,2021-02-03 02:25:49,13.2167,-59.5167,78.8,65,75,21.85
332,Santa Cecilia,BR,2021-02-03 02:25:49,-26.9608,-50.4269,64.53,100,99,3.76
333,Vohibinany,MG,2021-02-03 02:25:50,-17.35,49.0333,70.84,82,53,2.62
334,Portland,US,2021-02-03 02:25:01,45.5234,-122.6762,44.01,87,100,3.0
335,Ouargaye,BF,2021-02-03 02:25:50,11.5033,0.0572,72.21,18,0,8.57
336,Batagay-Alyta,RU,2021-02-03 02:25:50,67.8006,130.4114,-26.36,85,100,4.38
337,Ilam,NP,2021-02-03 02:25:50,26.9167,87.9167,54.19,58,0,3.09
338,Bac Lieu,VN,2021-02-03 02:25:50,9.285,105.7244,79.97,68,3,16.75
339,Pyay,MM,2021-02-03 02:25:50,18.8167,95.2167,66.76,28,3,6.08
340,Petropavlovsk-Kamchatskiy,RU,2021-02-03 02:25:51,53.0452,158.6483,19.4,79,75,11.18
341,Chachoengsao,TH,2021-02-03 02:25:51,13.6167,101.4167,86.0,66,0,11.07
342,Luderitz,NA,2021-02-03 02:23:27,-26.6481,15.1594,63.7,88,1,6.8
343,Oriximina,BR,2021-02-03 02:21:54,-1.7656,-55.8661,76.21,92,99,3.29
344,Lewiston,US,2021-02-03 02:25:51,44.1003,-70.2148,30.2,93,90,14.97
345,Gari,RU,2021-02-03 02:25:51,59.4307,62.3497,3.69,93,0,5.64
346,Norman Wells,CA,2021-02-03 02:25:51,65.282,-126.8329,-20.2,76,75,2.3
347,Mitsamiouli,KM,2021-02-03 02:25:51,-11.3847,43.2844,82.45,73,70,4.85
348,Renqiu,CN,2021-02-03 02:25:52,38.6989,116.0936,31.01,68,0,7.9
349,Katangli,RU,2021-02-03 02:25:52,51.7102,143.2326,-21.41,79,66,14.56
350,Maumere,ID,2021-02-03 02:25:52,-8.6199,122.2111,84.4,72,98,7.94
351,Poronaysk,RU,2021-02-03 02:25:52,49.2167,143.1167,-13.5,81,13,4.38
352,Vestmannaeyjar,IS,2021-02-03 02:24:33,63.4427,-20.2734,36.52,82,67,32.64
353,Miram Shah,PK,2021-02-03 02:25:52,33.0086,70.0697,46.63,71,100,5.23
354,Rockport,US,2021-02-03 02:25:53,28.0206,-97.0544,61.0,82,1,9.22
355,Dongsheng,CN,2021-02-03 02:25:53,39.8161,109.9776,17.29,67,0,15.7
356,Vung Tau,VN,2021-02-03 02:23:45,10.346,107.0843,76.42,66,0,2.48
357,Sur,OM,2021-02-03 02:24:03,22.5667,59.5289,64.74,71,51,2.35
358,Pochutla,MX,2021-02-03 02:25:53,15.7432,-96.4661,70.79,80,0,4.47
359,Trairi,BR,2021-02-03 02:24:44,-3.2778,-39.2689,78.12,78,1,10.49
360,Cururupu,BR,2021-02-03 02:25:53,-1.8283,-44.8683,76.39,89,26,4.21
361,Cozumel,MX,2021-02-03 02:25:54,20.5083,-86.9458,71.01,60,1,13.8
362,Nizhnevartovsk,RU,2021-02-03 02:23:19,60.9344,76.5531,12.2,85,90,2.24
363,College,US,2021-02-03 02:23:29,64.8569,-147.8028,-16.6,76,20,3.44
364,Kalabo,ZM,2021-02-03 02:25:54,-14.97,22.6814,66.43,94,100,10.29
365,Sorong,ID,2021-02-03 02:25:02,-0.8833,131.25,80.87,77,100,3.98
366,Alofi,NU,2021-02-03 02:25:54,-19.0595,-169.9187,86.0,74,75,11.5
367,Mirnyy,RU,2021-02-03 02:25:54,62.5353,113.9611,-32.46,82,100,11.21
368,Batemans Bay,AU,2021-02-03 02:25:55,-35.7167,150.1833,73.99,55,98,4.0
369,Virginia Beach,US,2021-02-03 02:25:46,36.8529,-75.978,37.4,56,90,24.16
370,Oktyabrskoye,RU,2021-02-03 02:25:55,43.0645,44.7417,30.2,74,15,8.95
371,Perm,RU,2021-02-03 02:24:18,58.0174,56.2855,8.6,92,0,8.95
372,Victoria,HK,2021-02-03 02:23:54,22.2855,114.1577,68.0,63,35,3.0
373,Salalah,OM,2021-02-03 02:25:56,17.0151,54.0924,66.2,39,0,4.61
374,Sioux Lookout,CA,2021-02-03 02:25:56,50.1001,-91.917,23.0,86,90,10.36
375,Khowst,AF,2021-02-03 02:25:56,33.3833,69.8833,42.8,74,100,7.74
376,Padang,ID,2021-02-03 02:25:56,-0.9492,100.3543,82.4,83,40,3.44
377,Karratha,AU,2021-02-03 02:22:38,-20.7377,116.8463,84.13,77,73,19.26
378,Boddam,GB,2021-02-03 02:25:56,57.4667,-1.7833,37.4,81,75,18.41
379,Capreol,CA,2021-02-03 02:25:56,46.706,-80.9225,16.0,85,1,12.66
380,Kaitangata,NZ,2021-02-03 02:25:56,-46.2817,169.8464,61.0,74,37,28.99
381,Sigli,ID,2021-02-03 02:25:57,5.3848,95.9609,80.89,73,32,5.01
382,Caravelas,BR,2021-02-03 02:25:57,-17.7125,-39.2481,75.87,87,100,5.35
383,Arman,RU,2021-02-03 02:25:57,59.7,150.1667,-16.1,79,0,13.58
384,Tayabo,PH,2021-02-03 02:25:57,15.8342,121.0308,80.53,57,63,11.07
385,Kattivakkam,IN,2021-02-03 02:24:02,13.2167,80.3167,73.4,88,40,10.2
386,Namtsy,RU,2021-02-03 02:25:58,62.7161,129.6658,-36.4,67,100,4.47
387,Novopavlovka,RU,2021-02-03 02:25:58,51.2172,109.2091,-9.13,88,100,4.52
388,Santa Marta,CO,2021-02-03 02:21:54,11.2408,-74.199,82.99,69,20,5.75
389,Alugan,PH,2021-02-03 02:25:58,12.2188,125.4808,80.65,83,100,15.77
390,Murmansk,RU,2021-02-03 02:25:58,68.0,34.0,8.33,96,100,4.07
391,Krasnaya Gora,RU,2021-02-03 02:25:58,52.9995,31.6023,26.6,86,90,11.18
392,Fengxian,CN,2021-02-03 02:25:58,34.7039,116.5872,48.0,75,0,1.01
393,Yantal,RU,2021-02-03 02:25:59,56.8471,105.2542,-8.99,88,100,6.31
394,Broome,US,2021-02-03 02:25:59,42.2506,-75.833,24.01,93,90,23.02
395,Bintulu,MY,2021-02-03 02:25:59,3.1667,113.0333,78.8,94,40,2.3
396,Strezhevoy,RU,2021-02-03 02:25:59,60.7333,77.5889,12.2,85,90,2.24
397,Ankara,TR,2021-02-03 02:25:59,39.9199,32.8543,43.0,87,0,1.14
398,Ravar,IR,2021-02-03 02:26:00,31.2656,56.8055,42.37,55,0,0.51
399,Beisfjord,NO,2021-02-03 02:26:00,68.3751,17.5988,8.6,85,11,7.78
400,Lara,AU,2021-02-03 02:26:00,-38.0167,144.4,70.0,60,0,10.36
401,Palimbang,PH,2021-02-03 02:26:00,6.2106,124.1894,85.48,63,99,2.24
402,Arys,KZ,2021-02-03 02:26:00,42.4252,68.795,35.6,93,0,6.71
403,Denpasar,ID,2021-02-03 02:21:55,-8.65,115.2167,82.4,78,40,8.05
404,Olavarria,AR,2021-02-03 02:26:01,-36.8927,-60.3225,62.78,78,20,9.31
405,Pontianak,ID,2021-02-03 02:26:01,-0.0333,109.3333,78.8,83,75,8.05
406,Inyonga,TZ,2021-02-03 02:26:01,-6.7167,32.0667,63.1,96,54,3.31
407,Hofn,IS,2021-02-03 02:23:37,64.2539,-15.2082,31.84,94,100,15.88
408,Launceston,AU,2021-02-03 02:22:42,-41.45,147.1667,70.0,42,4,17.27
409,Krasnovishersk,RU,2021-02-03 02:26:01,60.4078,57.082,9.18,95,100,6.85
410,Aksay,RU,2021-02-03 02:26:01,47.26,39.87,45.0,100,40,6.71
411,Wenling,CN,2021-02-03 02:26:02,28.3669,121.36,59.0,69,54,1.77
412,Xichang,CN,2021-02-03 02:26:02,27.8964,102.2634,49.42,50,0,1.79
413,Hervey Bay,AU,2021-02-03 02:26:02,-25.2986,152.8535,82.99,64,83,8.99
414,Kalmar,SE,2021-02-03 02:26:02,56.6616,16.3616,28.99,86,90,5.75
415,Tyup,KG,2021-02-03 02:26:02,42.7276,78.3648,24.1,89,20,1.72
416,Gat,IL,2021-02-03 02:26:03,31.61,34.7642,62.01,56,48,1.01
417,Kiunga,PG,2021-02-03 02:26:03,-6.1219,141.2906,81.72,88,100,4.52
418,Karaikkudi,IN,2021-02-03 02:26:03,10.0667,78.7833,71.8,88,31,9.35
419,Guiratinga,BR,2021-02-03 02:26:03,-16.3494,-53.7583,72.48,84,100,2.21
420,Marrakesh,MA,2021-02-03 02:21:21,31.6315,-8.0083,55.4,67,0,4.61
421,Chapleau,CA,2021-02-03 02:26:03,47.8405,-83.4034,3.2,85,1,2.3
422,Kawalu,ID,2021-02-03 02:26:03,-7.3817,108.2082,81.57,72,100,0.72
423,Capitan Bado,PY,2021-02-03 02:26:04,-23.2667,-55.5333,74.61,89,100,8.05
424,Jabinyanah,TN,2021-02-03 02:26:04,35.035,10.9081,51.8,76,20,3.44
425,Kishtwar,IN,2021-02-03 02:26:04,33.3167,75.7667,37.22,68,85,3.04
426,Sambava,MG,2021-02-03 02:26:04,-14.2667,50.1667,75.22,79,12,7.09
427,Byron Bay,AU,2021-02-03 02:25:57,-28.65,153.6167,80.6,57,40,14.97
428,Tagusao,PH,2021-02-03 02:26:04,9.1924,117.8141,81.93,76,100,12.5
429,La Union,PE,2021-02-03 02:26:05,-5.4,-80.75,76.42,63,3,14.97
430,Anadyr,RU,2021-02-03 02:26:05,64.75,177.4833,12.2,79,75,20.13
431,Darhan,MN,2021-02-03 02:26:05,49.4867,105.9228,-2.27,86,1,6.89
432,Maragogi,BR,2021-02-03 02:26:05,-9.0122,-35.2225,77.11,82,0,6.91
433,Craig,US,2021-02-03 02:26:05,40.5153,-107.5464,39.2,70,90,1.9
434,Khartoum,SD,2021-02-03 02:26:06,15.5518,32.5324,75.0,24,0,3.44
435,Fairbanks,US,2021-02-03 02:22:22,64.8378,-147.7164,-16.6,76,1,4.09
436,Anchorage,US,2021-02-03 02:25:40,61.2181,-149.9003,12.0,56,90,5.5
437,Umm Kaddadah,SD,2021-02-03 02:26:06,13.6017,26.6876,72.82,21,0,7.67
438,Iraray,PH,2021-02-03 02:26:06,8.9936,118.0511,82.53,72,100,6.71
439,El Espinal,MX,2021-02-03 02:26:06,16.3333,-94.0667,63.9,68,0,15.1
440,Broken Hill,AU,2021-02-03 02:26:06,-31.95,141.4333,77.0,23,0,9.22
441,Kamenka,RU,2021-02-03 02:26:06,51.3223,42.7678,34.0,97,100,5.95
442,Mollendo,PE,2021-02-03 02:23:25,-17.0231,-72.0147,70.16,76,93,4.88
443,Lincoln,US,2021-02-03 02:26:07,40.8,-96.667,28.4,86,90,4.61
444,Panzhihua,CN,2021-02-03 02:26:07,26.5851,101.7128,48.0,51,0,0.54
445,Taoudenni,ML,2021-02-03 02:26:07,22.6783,-3.9836,69.24,24,99,13.67
446,Wenchi,GH,2021-02-03 02:26:07,7.7392,-2.1046,72.91,62,0,3.89
447,Mabai,CN,2021-02-03 02:26:08,23.0128,104.4508,54.1,96,100,3.94
448,Merauke,ID,2021-02-03 02:26:08,-8.4667,140.3333,85.87,70,23,13.67
449,Bloomingdale,US,2021-02-03 02:26:08,27.8936,-82.2404,52.0,76,1,5.75
450,Jiazi,CN,2021-02-03 02:23:30,22.8779,116.067,63.59,58,20,18.79
451,Waipawa,NZ,2021-02-03 02:26:08,-41.4122,175.5153,71.01,72,0,12.66
452,Irati,BR,2021-02-03 02:26:09,-25.4672,-50.6511,66.94,97,100,1.36
453,Uribia,CO,2021-02-03 02:26:09,11.7139,-72.266,78.33,71,32,11.23
454,Qabaqcol,AZ,2021-02-03 02:26:09,41.72,46.2647,33.8,86,25,4.61
455,Libourne,FR,2021-02-03 02:26:09,44.9167,-0.25,55.0,94,0,6.91
456,Rundu,NA,2021-02-03 02:26:09,-17.9333,19.7667,68.16,88,100,0.34
457,Kupang,ID,2021-02-03 02:24:14,-10.1667,123.5833,78.8,100,90,13.8
458,Martin,US,2021-02-03 02:26:09,27.0837,-80.4164,54.0,53,1,13.8
459,Kurchatov,RU,2021-02-03 02:26:10,51.6601,35.6521,26.6,100,90,4.47
460,Saint-Denis,FR,2021-02-03 02:26:10,48.9167,2.3333,52.0,87,75,10.36
461,Dunedin,NZ,2021-02-03 02:24:42,-45.8742,170.5036,64.0,74,66,3.0
462,Kalakamati,BW,2021-02-03 02:26:10,-20.5929,27.3121,65.21,88,90,9.35
463,Jumla,NP,2021-02-03 02:26:10,29.2747,82.1838,34.43,60,0,3.96
464,Ketchikan,US,2021-02-03 02:23:02,55.3422,-131.6461,37.4,80,1,3.44
465,Langevag,NO,2021-02-03 02:26:11,62.4375,6.1892,24.8,74,0,12.66
466,Airai,TL,2021-02-03 02:26:04,-8.9266,125.4092,69.19,89,86,4.27
467,Rudnyy,KZ,2021-02-03 02:26:11,52.9594,63.1206,33.8,93,90,15.66
468,Rocha,UY,2021-02-03 02:26:11,-34.4833,-54.3333,69.6,96,97,3.13
469,Tessalit,ML,2021-02-03 02:26:11,20.1986,1.0114,64.74,24,40,8.05
470,Kisanga,TZ,2021-02-03 02:26:11,-7.4362,37.7034,71.76,90,68,0.49
471,Cavalcante,BR,2021-02-03 02:26:12,-13.7975,-47.4583,70.74,79,94,0.49
472,Pitimbu,BR,2021-02-03 02:26:12,-7.4706,-34.8086,78.8,83,40,6.91
473,Harper,LR,2021-02-03 02:26:12,4.375,-7.7169,78.15,89,0,6.26
474,Tigil,RU,2021-02-03 02:26:12,57.8,158.6667,3.07,90,100,6.82
475,Samarai,PG,2021-02-03 02:26:12,-10.6167,150.6667,84.69,69,37,3.78
476,Fort Nelson,CA,2021-02-03 02:26:12,58.8053,-122.7002,-7.6,71,90,8.05
477,Gizo,SB,2021-02-03 02:26:13,-8.103,156.8419,83.59,77,100,12.86
478,Chauk,MM,2021-02-03 02:26:13,20.8833,94.8167,67.5,32,0,4.29
479,Bure,ET,2021-02-03 02:26:13,10.7,37.0667,57.99,51,0,5.75
480,Santiago De Cuba,CU,2021-02-03 02:25:36,20.0247,-75.8219,71.6,64,20,11.5
481,Insar,RU,2021-02-03 02:26:13,53.8653,44.3738,10.42,93,65,8.63
482,Nabire,ID,2021-02-03 02:26:14,-3.3667,135.4833,81.88,76,78,1.45
483,Kingman,US,2021-02-03 02:26:14,35.1894,-114.053,55.4,67,1,6.91
484,Parry Sound,CA,2021-02-03 02:26:14,45.3501,-80.033,24.01,68,97,13.04
485,Najran,SA,2021-02-03 02:26:14,17.4924,44.1277,51.8,50,0,2.08
486,Imeni Poliny Osipenko,RU,2021-02-03 02:26:14,52.4201,136.4853,-22.25,80,98,3.49
487,Pangnirtung,CA,2021-02-03 02:26:14,66.1451,-65.7125,-15.99,74,100,1.01
488,Nechi,CO,2021-02-03 02:26:14,8.0942,-74.7757,75.79,96,82,2.89
489,Jutai,BR,2021-02-03 02:26:15,-5.1833,-68.9,73.9,96,100,2.93
490,Nanaimo,CA,2021-02-03 02:23:55,49.1663,-123.936,42.8,93,100,23.02
491,Filingue,NE,2021-02-03 02:26:15,14.3521,3.3168,68.38,17,0,9.69
492,Tigzirt,DZ,2021-02-03 02:26:15,36.8886,4.1198,58.21,63,0,7.02
493,Gidam,IN,2021-02-03 02:26:15,18.9833,81.4,57.94,35,0,2.13
494,Mantua,IT,2021-02-03 02:26:15,45.1667,10.7833,39.99,97,5,3.0
495,Mata,PT,2021-02-03 02:26:16,40.683,-7.4592,53.01,92,100,8.01
496,Raga,SS,2021-02-03 02:26:16,8.4596,25.678,71.69,34,0,2.93
497,Kilindoni,TZ,2021-02-03 02:23:21,-7.9139,39.6668,80.47,74,0,8.48
498,Kendari,ID,2021-02-03 02:26:16,-3.945,122.4989,85.69,69,100,2.15
499,Beringovskiy,RU,2021-02-03 02:26:16,63.05,179.3167,10.72,95,100,9.24
500,Paramonga,PE,2021-02-03 02:26:16,-10.6667,-77.8333,69.64,81,73,5.37
501,Kifri,IQ,2021-02-03 02:26:16,34.6959,44.9661,49.73,55,0,1.41
502,Nicoya,CR,2021-02-03 02:26:17,10.1483,-85.452,78.8,61,0,24.16
503,Poum,NC,2021-02-03 02:26:17,-20.2333,164.0167,77.43,82,100,23.89
504,Evensk,RU,2021-02-03 02:26:17,61.95,159.2333,15.26,92,100,22.39
505,Port-Gentil,GA,2021-02-03 02:25:57,-0.7193,8.7815,80.85,82,100,9.55
506,Rubiataba,BR,2021-02-03 02:22:23,-15.1644,-49.8033,72.05,86,100,2.86
507,Yangjiang,CN,2021-02-03 02:23:15,21.85,111.9667,67.01,71,99,11.95
508,Morgan City,US,2021-02-03 02:26:17,29.6994,-91.2068,46.0,81,1,5.06
509,Shevchenkove,UA,2021-02-03 02:26:18,49.6959,37.1735,32.0,100,90,8.95
510,Ust-Uda,RU,2021-02-03 02:26:18,54.1742,103.0304,-4.74,90,100,4.47
511,Camabatela,AO,2021-02-03 02:26:18,-8.1881,15.375,63.32,100,100,1.54
512,Guaraniacu,BR,2021-02-03 02:26:18,-25.1008,-52.8781,67.46,100,100,1.57
513,Palembang,ID,2021-02-03 02:26:18,-2.9167,104.7458,77.0,88,20,8.05
514,Mecca,SA,2021-02-03 02:26:18,21.4267,39.8261,70.81,81,0,1.52
515,Lagoa,PT,2021-02-03 02:26:19,39.05,-27.9833,55.85,68,99,36.31
516,Aranos,NA,2021-02-03 02:26:19,-24.1333,19.1167,67.39,71,0,4.59
517,Horasan,TR,2021-02-03 02:26:19,40.0458,42.1728,11.91,85,67,0.56
518,Saldanha,ZA,2021-02-03 02:26:19,-33.0117,17.9442,62.6,82,0,8.05
519,Kavaratti,IN,2021-02-03 02:26:19,10.5669,72.642,80.91,73,0,9.13
520,Mangrol,IN,2021-02-03 02:26:19,21.1167,70.1167,68.58,50,0,10.67
521,Birjand,IR,2021-02-03 02:26:20,32.8663,59.2211,21.2,58,0,6.91
522,Tuy Hoa,VN,2021-02-03 02:26:20,13.0833,109.3,74.17,85,78,11.92
523,Pacific Grove,US,2021-02-03 02:26:20,36.6177,-121.9166,55.0,100,90,4.61
524,Lalsk,RU,2021-02-03 02:26:20,60.7415,47.5862,7.11,95,78,6.33
525,Bairnsdale,AU,2021-02-03 02:25:53,-37.8333,147.6167,66.0,73,80,3.0
526,Payakumbuh,ID,2021-02-03 02:26:21,-0.2202,100.6308,75.63,82,94,2.44
527,Harrisonburg,US,2021-02-03 02:26:21,38.4496,-78.8689,32.0,55,90,8.05
528,Kadoma,JP,2021-02-03 02:26:21,34.7333,135.5833,44.6,45,40,9.22
529,Brae,GB,2021-02-03 02:26:21,60.3964,-1.353,37.4,65,75,21.85
530,Korla,CN,2021-02-03 02:26:21,41.7597,86.1469,25.25,78,4,4.16
531,Galle,LK,2021-02-03 02:26:21,6.0367,80.217,76.42,87,19,4.81
532,Sterlibashevo,RU,2021-02-03 02:26:21,53.4376,55.2578,22.75,98,100,6.06
533,Vilcun,CL,2021-02-03 02:26:22,-38.65,-72.2333,60.8,82,0,3.44
534,Half Moon Bay,US,2021-02-03 02:26:22,37.4636,-122.4286,54.0,93,20,4.36
535,Sinjar,IQ,2021-02-03 02:26:22,36.3209,41.8754,44.31,70,42,1.68
536,Asau,RO,2021-02-03 02:26:22,46.4333,26.4,33.01,75,55,5.1
537,Lompoc,US,2021-02-03 02:26:22,34.6391,-120.4579,55.4,88,1,8.05
538,Tadine,NC,2021-02-03 02:26:22,-21.55,167.8833,78.76,72,73,34.18
539,Tabou,CI,2021-02-03 02:23:15,4.423,-7.3528,77.86,90,0,5.7
540,Manutuke,NZ,2021-02-03 02:26:23,-38.6833,177.9167,70.0,58,0,3.0
541,Burgeo,CA,2021-02-03 02:26:23,47.6167,-57.6152,31.19,95,100,33.31
542,Cameta,BR,2021-02-03 02:26:23,-2.2444,-49.4958,76.75,92,97,5.57
543,Paluan,PH,2021-02-03 02:26:23,13.416,120.4623,81.19,66,4,16.87
544,Smidovich,RU,2021-02-03 02:26:23,48.6,133.8167,-16.98,80,48,11.32
545,Biltine,TD,2021-02-03 02:26:23,14.5333,20.9167,67.32,21,0,7.4
546,Carahue,CL,2021-02-03 02:26:24,-38.7,-73.1667,60.8,82,0,3.44
547,Kurchum,KZ,2021-02-03 02:26:24,48.5722,83.6542,13.44,96,96,0.94
548,Golyshmanovo,RU,2021-02-03 02:26:24,56.3979,68.3728,29.19,98,100,14.52
549,Solnechnyy,RU,2021-02-03 02:23:24,50.7214,136.6319,-22.4,81,100,4.65
550,Buluang,PH,2021-02-03 02:26:24,13.3068,123.3425,83.77,65,8,7.54
551,Saint-Avold,FR,2021-02-03 02:26:24,49.1027,6.7006,51.01,99,100,1.01
552,Redmond,US,2021-02-03 02:24:30,47.674,-122.1215,42.01,84,100,6.04
553,Katobu,ID,2021-02-03 02:26:25,-4.9408,122.5276,84.76,69,100,5.46
554,Voyinka,UA,2021-02-03 02:26:25,45.8699,33.9914,45.57,94,100,5.37
555,Zhifang,CN,2021-02-03 02:26:25,30.35,114.3167,44.6,100,90,4.47
556,Kyshtovka,RU,2021-02-03 02:22:09,56.555,76.6271,23.23,97,100,12.62
557,Santa Maria,BR,2021-02-03 02:26:25,-29.6842,-53.8069,77.0,88,40,4.61
558,Rabo De Peixe,PT,2021-02-03 02:26:26,37.8,-25.5833,57.2,67,20,32.21
559,Vila Franca Do Campo,PT,2021-02-03 02:26:26,37.7167,-25.4333,57.2,67,20,32.21
560,Kwinana,AU,2021-02-03 02:26:26,-32.25,115.7667,84.0,57,40,8.05
561,Lasa,IT,2021-02-03 02:26:26,46.6166,10.7002,34.0,93,90,3.44
562,Porbandar,IN,2021-02-03 02:26:26,21.6422,69.6093,60.8,67,18,6.91
563,Sergeyevka,KZ,2021-02-03 02:26:26,53.88,67.4158,33.39,97,100,16.71
564,Buchanan,LR,2021-02-03 02:26:27,5.8808,-10.0467,78.42,88,2,5.08
565,Luangwa,ZM,2021-02-03 02:26:27,-15.6167,30.4167,70.79,93,56,1.52
566,Alta Floresta,BR,2021-02-03 02:26:27,-9.8756,-56.0861,73.58,90,100,0.27
567,Coleraine,GB,2021-02-03 02:26:27,55.1333,-6.6667,39.2,100,90,12.66
568,Ixtapa,MX,2021-02-03 02:26:27,20.7,-105.2,71.6,88,90,6.91
569,Kriva Palanka,MK,2021-02-03 02:26:27,42.2019,22.3319,39.99,100,0,0.47
570,Ahipara,NZ,2021-02-03 02:26:27,-35.1667,173.1667,71.33,58,10,6.02
571,Bad Bevensen,DE,2021-02-03 02:26:28,53.0833,10.5833,32.0,100,90,5.75
572,Santiago De Cao,PE,2021-02-03 02:26:28,-7.9589,-79.2392,69.17,83,99,9.24
573,Nirmal,IN,2021-02-03 02:26:28,19.1,78.35,59.61,33,0,3.2
574,Rawson,AR,2021-02-03 02:25:01,-43.3002,-65.1023,74.01,35,0,13.27
575,Vila Do Maio,CV,2021-02-03 02:26:28,15.1333,-23.2167,69.8,73,0,16.11
576,Tual,ID,2021-02-03 02:26:28,-5.6667,132.75,82.51,78,99,20.49
577,Dhidhdhoo,MV,2021-02-03 02:26:29,6.8833,73.1,80.85,74,69,4.99
578,Turukhansk,RU,2021-02-03 02:26:29,65.8167,87.9833,-6.97,91,99,8.95
579,Ouro Preto,BR,2021-02-03 02:26:29,-20.3948,-43.5052,62.87,100,97,2.35
580,Isla Mujeres,MX,2021-02-03 02:26:29,21.2311,-86.731,70.0,82,1,10.25
581,Aykhal,RU,2021-02-03 02:26:29,66.0,111.5,-22.76,83,100,10.98
582,Tarko-Sale,RU,2021-02-03 02:26:29,64.9225,77.785,7.12,95,90,8.46
583,Lugo,ES,2021-02-03 02:26:29,43.0,-7.5,51.01,76,100,3.0
